Workbook

Sheet Test case
A1: Mã TC | B1: UC | C1: AC | D1: Loại | E1: Ưu tiên | F1: Tài khoản | G1: Các bước | H1: Kết quả mong đợi | I1: Test máy liên quan | J1: Kết quả thực tế | K1: Đ/K/C/N | L1: Mã lỗi | M1: Ghi chú | N1: Người thử | O1: Ngày thử
A2: TC-01-01 | B2: UC-01 | C2: AC-01.1 | D2: Chính | E2: P1 | F2: chuyenvien | G2: 1) Mở `/login`. 2) Nhập đúng tên và mật khẩu. 3) Quan sát menu. | H2: Vào Tổng quan; menu không có Tài khoản, Nhật ký, Tổ chức, Danh mục (chuyên viên chỉ có chức năng thuộc STAFF). | I2: app.e2e-spec.ts | J2: 14/14 điều kiện đạt | K2: Đ | M2: Evidence: evidence/UC-01/TC-01-01.json | N2: Claude (chạy tự động) | O2: 2026-10-18
A3: TC-01-02 | B3: UC-01 | C3: AC-01.1 | D3: Chính | E3: P1 | F3: truongban | G3: Đăng nhập, quan sát menu. | H3: Có Đánh giá, Đánh giá tập thể, Việc, Báo cáo, Danh mục; không có Tài khoản, Nhật ký. | I3: – | J3: 14/14 điều kiện đạt | K3: Đ | M3: Evidence: evidence/UC-01/TC-01-02.json | N3: Claude (chạy tự động) | O3: 2026-10-18
A4: TC-01-03 | B4: UC-01 | C4: AC-01.2 | D4: Âm | E4: P1 | F4: (không) | G4: 1) Nhập tên tồn tại, mật khẩu sai. 2) Nhập tên không tồn tại, mật khẩu bất kỳ. | H4: Hai lần cùng một thông báo; không lộ tên nào tồn tại. | I4: security.spec.ts; authorization.spec.ts | J4: 2/2 điều kiện đạt | K4: Đ | M4: Evidence: evidence/UC-01/TC-01-03.json | N4: Claude (chạy tự động) | O4: 2026-10-18
A5: TC-01-04 | B5: UC-01 | C5: AC-01.3 | D5: Biên | E5: P1 | F5: chuyenvien | G5: Nhập sai mật khẩu 5 lần liên tiếp; thử lần 6 bằng mật khẩu đúng. | H5: Lần thứ 6 vẫn bị từ chối, thông báo bị khóa tạm; đăng nhập đúng lại được sau thời gian khóa (15 phút) hoặc khi quản trị mở khóa. Nhật ký có sự kiện khóa. | I5: security.spec.ts; app.e2e-spec.ts | J5: 5/5 điều kiện đạt | K5: Đ | M5: Evidence: evidence/UC-01/TC-01-04.json | N5: Claude (chạy tự động) | O5: 2026-10-18
A6: TC-01-05 | B6: UC-01 | C6: AC-01.3 | D6: Biên | E6: P2 | F6: chuyenvien | G6: Sai 4 lần rồi nhập đúng. | H6: Đăng nhập thành công; bộ đếm sai được xóa. | I6: security.spec.ts; authorization.spec.ts | J6: 2/2 điều kiện đạt | K6: Đ | M6: Evidence: evidence/UC-01/TC-01-05.json | N6: Claude (chạy tự động) | O6: 2026-10-18
A7: TC-01-06 | B7: UC-01 | C7: AC-01.4 | D7: Chính | E7: P1 | F7: chuyenvien, quantri | G7: 1) chuyenvien đăng nhập ở cửa sổ A. 2) quantri vô hiệu hóa tài khoản chuyenvien ở cửa sổ B. 3) Ở cửa sổ A làm mới trang. | H7: Cửa sổ A bị đưa về `/login` ngay; mọi lời gọi API 401. Kích hoạt lại sau khi thử xong. | I7: app.e2e-spec.ts | J7: 4/4 điều kiện đạt | K7: Đ | M7: Evidence: evidence/UC-01/TC-01-06.json | N7: Claude (chạy tự động) | O7: 2026-10-18
A8: TC-01-07 | B8: UC-01 | C8: AC-01.4 | D8: Chính | E8: P2 | F8: chuyenvien | G8: Đăng xuất; nhấn nút Back của trình duyệt. | H8: Không xem lại được dữ liệu; chuyển về `/login`. | I8: – | J8: 3/3 điều kiện đạt | K8: Đ | M8: Evidence: evidence/UC-01/TC-01-07.json | N8: Claude (chạy tự động) | O8: 2026-10-18
A9: TC-01-08 | B9: UC-01 | C9: AC-01.5 | D9: Biên | E9: P1 | F9: chuyenvien | G9: Đăng nhập, không thao tác. Quan sát sau 28 phút và 30 phút (có thể đặt `SESSION_IDLE_MINUTES` nhỏ hơn khi thử). | H9: Còn 2 phút hiện hộp cảnh báo kèm nút gia hạn; nhấn gia hạn thì phiên tiếp tục; không nhấn thì đến hạn tự về `/login`. | I9: security.spec.ts | J9: 3/3 điều kiện đạt | K9: Đ | M9: Evidence: evidence/UC-01/TC-01-08.json | N9: Claude (chạy tự động) | O9: 2026-10-18
A10: TC-01-09 | B10: UC-01 | C10: AC-01.6 | D10: Âm | E10: P1 | F10: (không) | G10: 1) Mở trực tiếp `/evaluations` khi chưa đăng nhập. 2) Gọi `GET /api/evaluation/periods` không cookie. | H10: 1) Chuyển về `/login`. 2) 401. | I10: app.e2e-spec.ts | J10: 3/3 điều kiện đạt | K10: Đ | M10: Evidence: evidence/UC-01/TC-01-09.json | N10: Claude (chạy tự động) | O10: 2026-10-18
A11: TC-01-10 | B11: UC-01 | C11: AC-01.7 | D11: Âm | E11: P2 | F11: tài khoản mới chưa gán vai trò | G11: Tạo tài khoản ở UC-02, đăng nhập bằng nó, vào Tổng quan. | H11: Đăng nhập được; mọi lời gọi dữ liệu 403, không lộ dữ liệu. | I11: app.e2e-spec.ts | J11: 3/3 điều kiện đạt | K11: Đ | M11: Evidence: evidence/UC-01/TC-01-10.json | N11: Claude (chạy tự động) | O11: 2026-10-18
A12: TC-01-11 | B12: UC-01 | C12: AC-01.8 | D12: Âm | E12: P2 | F12: quantri | G12: Tạo tài khoản với mật khẩu 11 ký tự, rồi 12 ký tự. | H12: 11 ký tự bị từ chối kèm lý do; 12 ký tự được. | I12: security.spec.ts; authorization.spec.ts | J12: 2/2 điều kiện đạt | K12: Đ | M12: Evidence: evidence/UC-01/TC-01-11.json | N12: Claude (chạy tự động) | O12: 2026-10-18
A13: TC-02-01 | B13: UC-02 | C13: AC-02.1 | D13: Chính | E13: P1 | F13: quantri | G13: 1) Vào `/accounts`. 2) Tạo tài khoản `nt01`. 3) Gán vai trò CHUYEN_VIEN từ hôm nay đến cuối tháng. | H13: Tài khoản hiện trong danh sách; vai trò hiện hiệu lực; có nhật ký tạo và cấp vai trò. | I13: app.e2e-spec.ts | J13: 8/8 điều kiện đạt | K13: Đ | M13: Evidence: evidence/UC-02/TC-02-01.json | N13: Claude (chạy tự động) | O13: 2026-10-18
... A116: TC-14-06 | B116: UC-14 | C116: AC-14.1 | D116: Biên | E116: P2 | F116: phoban | G116: Hai hồ sơ cùng phòng nhưng khác loại (lãnh đạo, chuyên viên). | H116: Hai nhóm tính riêng. | I116: tests đơn vị cùng mô-đun | J116: 1/1 điều kiện đạt | K116: Đ | M116: Evidence: evidence/UC-14/TC-14-06.json | N116: Claude (chạy tự động) | O116: 2026-10-18
A117: TC-14-07 | B117: UC-14 | C117: AC-14.6 | D117: Chính | E117: P2 | F117: phoban | G117: Hồ sơ Xuất sắc chờ phê duyệt ngoài hạn mức. | H117: Trang hồ sơ có cảnh báo cho người phê duyệt; người không phải duyệt không thấy khối thừa. | I117: app.e2e-spec.ts | J117: 4/4 điều kiện đạt (chạy lại sau khi sửa LOI-01) | K117: Đ | L117: LOI-01 (đã sửa) | M117: Evidence: evidence/UC-14/TC-14-07.json | N117: Claude (chạy tự động) | O117: 2026-10-18
A118: TC-15-01 | B118: UC-15 | C118: AC-15.1 | D118: Chính | E118: P1 | F118: truongphong | G118: Cán bộ có 6 tháng đã duyệt: 80, 82, 84, 86, 88, 90. Mở hồ sơ năm. | H118: Điểm trung bình 85,00 hiển thị; bảng quý I (82,00), quý II (88,00), 6 tháng đầu năm (85,00) để đối chiếu. | I118: tests đơn vị cùng mô-đun | J118: 3/3 điều kiện đạt | K118: Đ | M118: Evidence: evidence/UC-15/TC-15-01.json | Lệch ví dụ: TC ghi điểm 80, 82, 84, 86, 88, 90; dữ liệu thử dùng các điểm đạt được bằng bảng tiêu chí (bội số 2,5) nhưng trung bình vẫn 85,00. | N118: Claude (chạy tự động) | O118: 2026-10-18
A119: TC-15-02 | B119: UC-15 | C119: AC-15.2 | D119: Biên | E119: P1 | F119: truongphong | G119: Cán bộ chỉ có 5 tháng đã duyệt, không nghỉ; thẩm định năm. | H119: Chặn: chưa đủ 6 tháng; chỉ được đóng "không xếp loại". | I119: tests đơn vị cùng mô-đun | J119: 4/4 điều kiện đạt | K119: Đ | M119: Evidence: evidence/UC-15/TC-15-02.json | N119: Claude (chạy tự động) | O119: 2026-10-18
A120: TC-15-03 | B120: UC-15 | C120: AC-15.2 | D120: Biên | E120: P1 | F120: vanphong, truongphong | G120: Ghi nghỉ ốm 1 tháng (căn cứ số quyết định) cho cán bộ ở TC-15-02. | H120: 5 + 1 = 6 tháng: đủ điều kiện; điểm năm chỉ chia cho 5 tháng đã duyệt. | I120: tests đơn vị cùng mô-đun | J120: 5/5 điều kiện đạt | K120: Đ | M120: Evidence: evidence/UC-15/TC-15-03.json | N120: Claude (chạy tự động) | O120: 2026-10-18
A121: TC-15-04 | B121: UC-15 | C121: AC-15.3 | D121: Âm | E121: P1 | F121: vanphong | G121: Ghi nghỉ cho tháng đã có hồ sơ APPROVED. | H121: Bị từ chối 409. | I121: tests cùng mô-đun; app.e2e-spec.ts | J121: 2/2 điều kiện đạt | K121: Đ | M121: Evidence: evidence/UC-15/TC-15-04.json | N121: Claude (chạy tự động) | O121: 2026-10-18
A122: TC-15-05 | B122: UC-15 | C122: AC-15.4 | D122: Chính | E122: P1 | F122: truongphong | G122: Cán bộ nghỉ 8 tháng (không đủ điều kiện): đóng "Không xếp loại" kèm lý do. | H122: Hồ sơ APPROVED, không điểm, không xếp loại, có lý do; khóa. | I122: app.e2e-spec.ts | J122: 5/5 điều kiện đạt | K122: Đ | M122: Evidence: evidence/UC-15/TC-15-05.json | N122: Claude (chạy tự động) | O122: 2026-10-18
A123: TC-15-06 | B123: UC-15 | C123: AC-15.4 | D123: Âm | E123: P2 | F123: truongphong | G123: Cố đóng "không xếp loại" cho cán bộ đủ tháng. | H123: Bị từ chối, hướng dẫn thẩm định thường. | I123: tests đơn vị cùng mô-đun | J123: 2/2 điều kiện đạt | K123: Đ | M123: Evidence: evidence/UC-15/TC-15-06.json | N123: Claude (chạy tự động) | O123: 2026-10-18
A124: TC-15-07 | B124: UC-15 | C124: AC-15.6 | D124: Chính | E124: P2 | F124: vanphong | G124: Xem báo cáo cá nhân sau TC-15-05. | H124: Hồ sơ không xếp loại không có trong số liệu điểm và phân bố xếp loại. | I124: app.e2e-spec.ts | J124: 2/2 điều kiện đạt | K124: Đ | M124: Evidence: evidence/UC-15/TC-15-07.json | N124: Claude (chạy tự động) | O124: 2026-10-18
A125: TC-15-08 | B125: UC-15 | C125: AC-15.3 | D125: Âm | E125: P3 | F125: vanphong | G125: Sửa nghỉ khi hồ sơ năm đã duyệt. | H125: Bị từ chối. | I125: tests đơn vị cùng mô-đun | J125: 2/2 điều kiện đạt | K125: Đ | M125: Evidence: evidence/UC-15/TC-15-08.json | N125: Claude (chạy tự động) | O125: 2026-10-18
A126: TC-15-09 | B126: UC-15 | C126: AC-15.5 | D126: Chính | E126: P2 | F126: truongphong | G126: Mở hồ sơ năm của cán bộ có quý II chỉ 2 tháng có điểm và 1 tháng nghỉ; quý III không có điểm. | H126: Bảng quý II hiện 2 tháng có điểm, 1 tháng nghỉ, đánh dấu "chưa đủ tháng", điểm trung bình trên tháng có điểm; quý III để trống; ghi chú bảng chỉ để đối chiếu, không thay hồ sơ quý chấm trực tiếp. | I126: year-average.spec.ts | J126: 5/5 điều kiện đạt | K126: Đ | M126: Evidence: evidence/UC-15/TC-15-09.json | N126: Claude (chạy tự động) | O126: 2026-10-18
A127: TC-16-01 | B127: UC-16 | C127: AC-16.1 | D127: Chính | E127: P1 | F127: truongphong | G127: Mở `/unit-evaluations`, kỳ năm; xem bộ trục của phòng. | H127: Hiển thị 30 điểm chung (C1–C6) và 70 điểm kết quả (KH 15, CS 5, DN 10, đặc thù 40). | I127: app.e2e-spec.ts | J127: 6/6 điều kiện đạt | K127: Đ | M127: Evidence: evidence/UC-16/TC-16-01.json | N127: Claude (chạy tự động) | O127: 2026-10-18
A128: TC-16-02 | B128: UC-16 | C128: AC-16.1 | D128: Âm | E128: P2 | F128: vanphong | G128: Sửa bộ trục để tổng nhóm bật là 29. | H128: Bị từ chối; tổng phải đúng 30 hoặc 70. | I128: tests đơn vị cùng mô-đun | J128: 3/3 điều kiện đạt | K128: Đ | M128: Evidence: evidence/UC-16/TC-16-02.json | N128: Claude (chạy tự động) | O128: 2026-10-18
A129: TC-16-03 | B129: UC-16 | C129: AC-16.2 | D129: Chính | E129: P1 | F129: phoban, truongban | G129: Thẩm định, phê duyệt hồ sơ phòng trước, sau đó hồ sơ Ban. | H129: Hồ sơ phòng xong trước; hồ sơ Ban chỉ phê duyệt sau (cấp dưới trước cấp trên). | I129: app.e2e-spec.ts | J129: 17/17 điều kiện đạt | K129: Đ | M129: Evidence: evidence/UC-16/TC-16-03.json | N129: Claude (chạy tự động) | O129: 2026-10-18
... A203: TC-28-11 | B203: UC-28 | C203: AC-28.7 | D203: Chính | E203: P3 | F203: quantri | G203: Đặt lại MFA cho một tài khoản. | H203: Mọi phiên của tài khoản đó bị thu hồi, lần sau đăng ký lại. | I203: mfa.spec.ts | J203: 5/5 điều kiện đạt | K203: Đ | M203: Evidence: evidence/UC-28/TC-28-11.json | N203: Claude (chạy tự động) | O203: 2026-10-18

Sheet Tổng hợp
A1: Use case | B1: Số TC | C1: Đạt (Đ) | D1: Không đạt (K) | E1: Chặn (C) | F1: Không áp dụng (N) | G1: Chưa thử | H1: Tỷ lệ đạt trên TC áp dụng
A2: UC-01 | B2: =COUNTIF('Test case'!$B$2:$B$203,A2) | C2: =COUNTIFS('Test case'!$B$2:$B$203,$A2,'Test case'!$K$2:$K$203,"Đ") | D2: =COUNTIFS('Test case'!$B$2:$B$203,$A2,'Test case'!$K$2:$K$203,"K") | E2: =COUNTIFS('Test case'!$B$2:$B$203,$A2,'Test case'!$K$2:$K$203,"C") | F2: =COUNTIFS('Test case'!$B$2:$B$203,$A2,'Test case'!$K$2:$K$203,"N") | G2: =B2-C2-D2-E2-F2 | H2: =IF(B2-F2=0,"",C2/(B2-F2))
A3: UC-02 | B3: =COUNTIF('Test case'!$B$2:$B$203,A3) | C3: =COUNTIFS('Test case'!$B$2:$B$203,$A3,'Test case'!$K$2:$K$203,"Đ") | D3: =COUNTIFS('Test case'!$B$2:$B$203,$A3,'Test case'!$K$2:$K$203,"K") | E3: =COUNTIFS('Test case'!$B$2:$B$203,$A3,'Test case'!$K$2:$K$203,"C") | F3: =COUNTIFS('Test case'!$B$2:$B$203,$A3,'Test case'!$K$2:$K$203,"N") | G3: =B3-C3-D3-E3-F3 | H3: =IF(B3-F3=0,"",C3/(B3-F3))
A4: UC-03 | B4: =COUNTIF('Test case'!$B$2:$B$203,A4) | C4: =COUNTIFS('Test case'!$B$2:$B$203,$A4,'Test case'!$K$2:$K$203,"Đ") | D4: =COUNTIFS('Test case'!$B$2:$B$203,$A4,'Test case'!$K$2:$K$203,"K") | E4: =COUNTIFS('Test case'!$B$2:$B$203,$A4,'Test case'!$K$2:$K$203,"C") | F4: =COUNTIFS('Test case'!$B$2:$B$203,$A4,'Test case'!$K$2:$K$203,"N") | G4: =B4-C4-D4-E4-F4 | H4: =IF(B4-F4=0,"",C4/(B4-F4))
A5: UC-04 | B5: =COUNTIF('Test case'!$B$2:$B$203,A5) | C5: =COUNTIFS('Test case'!$B$2:$B$203,$A5,'Test case'!$K$2:$K$203,"Đ") | D5: =COUNTIFS('Test case'!$B$2:$B$203,$A5,'Test case'!$K$2:$K$203,"K") | E5: =COUNTIFS('Test case'!$B$2:$B$203,$A5,'Test case'!$K$2:$K$203,"C") | F5: =COUNTIFS('Test case'!$B$2:$B$203,$A5,'Test case'!$K$2:$K$203,"N") | G5: =B5-C5-D5-E5-F5 | H5: =IF(B5-F5=0,"",C5/(B5-F5))
A6: UC-05 | B6: =COUNTIF('Test case'!$B$2:$B$203,A6) | C6: =COUNTIFS('Test case'!$B$2:$B$203,$A6,'Test case'!$K$2:$K$203,"Đ") | D6: =COUNTIFS('Test case'!$B$2:$B$203,$A6,'Test case'!$K$2:$K$203,"K") | E6: =COUNTIFS('Test case'!$B$2:$B$203,$A6,'Test case'!$K$2:$K$203,"C") | F6: =COUNTIFS('Test case'!$B$2:$B$203,$A6,'Test case'!$K$2:$K$203,"N") | G6: =B6-C6-D6-E6-F6 | H6: =IF(B6-F6=0,"",C6/(B6-F6))
A7: UC-06 | B7: =COUNTIF('Test case'!$B$2:$B$203,A7) | C7: =COUNTIFS('Test case'!$B$2:$B$203,$A7,'Test case'!$K$2:$K$203,"Đ") | D7: =COUNTIFS('Test case'!$B$2:$B$203,$A7,'Test case'!$K$2:$K$203,"K") | E7: =COUNTIFS('Test case'!$B$2:$B$203,$A7,'Test case'!$K$2:$K$203,"C") | F7: =COUNTIFS('Test case'!$B$2:$B$203,$A7,'Test case'!$K$2:$K$203,"N") | G7: =B7-C7-D7-E7-F7 | H7: =IF(B7-F7=0,"",C7/(B7-F7))
A8: UC-07 | B8: =COUNTIF('Test case'!$B$2:$B$203,A8) | C8: =COUNTIFS('Test case'!$B$2:$B$203,$A8,'Test case'!$K$2:$K$203,"Đ") | D8: =COUNTIFS('Test case'!$B$2:$B$203,$A8,'Test case'!$K$2:$K$203,"K") | E8: =COUNTIFS('Test case'!$B$2:$B$203,$A8,'Test case'!$K$2:$K$203,"C") | F8: =COUNTIFS('Test case'!$B$2:$B$203,$A8,'Test case'!$K$2:$K$203,"N") | G8: =B8-C8-D8-E8-F8 | H8: =IF(B8-F8=0,"",C8/(B8-F8))
A9: UC-08 | B9: =COUNTIF('Test case'!$B$2:$B$203,A9) | C9: =COUNTIFS('Test case'!$B$2:$B$203,$A9,'Test case'!$K$2:$K$203,"Đ") | D9: =COUNTIFS('Test case'!$B$2:$B$203,$A9,'Test case'!$K$2:$K$203,"K") | E9: =COUNTIFS('Test case'!$B$2:$B$203,$A9,'Test case'!$K$2:$K$203,"C") | F9: =COUNTIFS('Test case'!$B$2:$B$203,$A9,'Test case'!$K$2:$K$203,"N") | G9: =B9-C9-D9-E9-F9 | H9: =IF(B9-F9=0,"",C9/(B9-F9))
A10: UC-09 | B10: =COUNTIF('Test case'!$B$2:$B$203,A10) | C10: =COUNTIFS('Test case'!$B$2:$B$203,$A10,'Test case'!$K$2:$K$203,"Đ") | D10: =COUNTIFS('Test case'!$B$2:$B$203,$A10,'Test case'!$K$2:$K$203,"K") | E10: =COUNTIFS('Test case'!$B$2:$B$203,$A10,'Test case'!$K$2:$K$203,"C") | F10: =COUNTIFS('Test case'!$B$2:$B$203,$A10,'Test case'!$K$2:$K$203,"N") | G10: =B10-C10-D10-E10-F10 | H10: =IF(B10-F10=0,"",C10/(B10-F10))
A11: UC-10 | B11: =COUNTIF('Test case'!$B$2:$B$203,A11) | C11: =COUNTIFS('Test case'!$B$2:$B$203,$A11,'Test case'!$K$2:$K$203,"Đ") | D11: =COUNTIFS('Test case'!$B$2:$B$203,$A11,'Test case'!$K$2:$K$203,"K") | E11: =COUNTIFS('Test case'!$B$2:$B$203,$A11,'Test case'!$K$2:$K$203,"C") | F11: =COUNTIFS('Test case'!$B$2:$B$203,$A11,'Test case'!$K$2:$K$203,"N") | G11: =B11-C11-D11-E11-F11 | H11: =IF(B11-F11=0,"",C11/(B11-F11))
A12: UC-11 | B12: =COUNTIF('Test case'!$B$2:$B$203,A12) | C12: =COUNTIFS('Test case'!$B$2:$B$203,$A12,'Test case'!$K$2:$K$203,"Đ") | D12: =COUNTIFS('Test case'!$B$2:$B$203,$A12,'Test case'!$K$2:$K$203,"K") | E12: =COUNTIFS('Test case'!$B$2:$B$203,$A12,'Test case'!$K$2:$K$203,"C") | F12: =COUNTIFS('Test case'!$B$2:$B$203,$A12,'Test case'!$K$2:$K$203,"N") | G12: =B12-C12-D12-E12-F12 | H12: =IF(B12-F12=0,"",C12/(B12-F12))
A13: UC-12 | B13: =COUNTIF('Test case'!$B$2:$B$203,A13) | C13: =COUNTIFS('Test case'!$B$2:$B$203,$A13,'Test case'!$K$2:$K$203,"Đ") | D13: =COUNTIFS('Test case'!$B$2:$B$203,$A13,'Test case'!$K$2:$K$203,"K") | E13: =COUNTIFS('Test case'!$B$2:$B$203,$A13,'Test case'!$K$2:$K$203,"C") | F13: =COUNTIFS('Test case'!$B$2:$B$203,$A13,'Test case'!$K$2:$K$203,"N") | G13: =B13-C13-D13-E13-F13 | H13: =IF(B13-F13=0,"",C13/(B13-F13))
... A29: UC-28 | B29: =COUNTIF('Test case'!$B$2:$B$203,A29) | C29: =COUNTIFS('Test case'!$B$2:$B$203,$A29,'Test case'!$K$2:$K$203,"Đ") | D29: =COUNTIFS('Test case'!$B$2:$B$203,$A29,'Test case'!$K$2:$K$203,"K") | E29: =COUNTIFS('Test case'!$B$2:$B$203,$A29,'Test case'!$K$2:$K$203,"C") | F29: =COUNTIFS('Test case'!$B$2:$B$203,$A29,'Test case'!$K$2:$K$203,"N") | G29: =B29-C29-D29-E29-F29 | H29: =IF(B29-F29=0,"",C29/(B29-F29))
A30: Tổng | B30: =SUM(B2:B29) | C30: =SUM(C2:C29) | D30: =SUM(D2:D29) | E30: =SUM(E2:E29) | F30: =SUM(F2:F29) | G30: =SUM(G2:G29) | H30: =IF(B30-F30=0,"",C30/(B30-F30))
A32: Theo ưu tiên | B32: Số TC | C32: Đạt | D32: Không đạt | E32: Chặn | F32: Không áp dụng | G32: Chưa thử
A33: P1 | B33: =COUNTIF('Test case'!$E$2:$E$203,A33) | C33: =COUNTIFS('Test case'!$E$2:$E$203,$A33,'Test case'!$K$2:$K$203,"Đ") | D33: =COUNTIFS('Test case'!$E$2:$E$203,$A33,'Test case'!$K$2:$K$203,"K") | E33: =COUNTIFS('Test case'!$E$2:$E$203,$A33,'Test case'!$K$2:$K$203,"C") | F33: =COUNTIFS('Test case'!$E$2:$E$203,$A33,'Test case'!$K$2:$K$203,"N") | G33: =B33-C33-D33-E33-F33
A34: P2 | B34: =COUNTIF('Test case'!$E$2:$E$203,A34) | C34: =COUNTIFS('Test case'!$E$2:$E$203,$A34,'Test case'!$K$2:$K$203,"Đ") | D34: =COUNTIFS('Test case'!$E$2:$E$203,$A34,'Test case'!$K$2:$K$203,"K") | E34: =COUNTIFS('Test case'!$E$2:$E$203,$A34,'Test case'!$K$2:$K$203,"C") | F34: =COUNTIFS('Test case'!$E$2:$E$203,$A34,'Test case'!$K$2:$K$203,"N") | G34: =B34-C34-D34-E34-F34
A35: P3 | B35: =COUNTIF('Test case'!$E$2:$E$203,A35) | C35: =COUNTIFS('Test case'!$E$2:$E$203,$A35,'Test case'!$K$2:$K$203,"Đ") | D35: =COUNTIFS('Test case'!$E$2:$E$203,$A35,'Test case'!$K$2:$K$203,"K") | E35: =COUNTIFS('Test case'!$E$2:$E$203,$A35,'Test case'!$K$2:$K$203,"C") | F35: =COUNTIFS('Test case'!$E$2:$E$203,$A35,'Test case'!$K$2:$K$203,"N") | G35: =B35-C35-D35-E35-F35

Sheet Tiêu chí chấp nhận
A1: Mã AC | B1: UC | C1: Nội dung | D1: Test case chứng minh
A2: AC-01.1 | B2: UC-01 | C2: Đăng nhập đúng thì vào được; menu và nút chỉ hiện cho chức năng thuộc quyền của vai trò. | D2: TC-01-01, TC-01-02
A3: AC-01.2 | B3: UC-01 | C3: Thông báo lỗi khi sai tên hoặc sai mật khẩu **giống nhau**, không cho biết tên có tồn tại hay không. | D3: TC-01-03
A4: AC-01.3 | B4: UC-01 | C4: Sau 5 lần sai liên tiếp trong 15 phút, tài khoản bị khóa tạm; trong thời gian khóa, mật khẩu đúng vẫn bị từ chối. | D4: TC-01-04, TC-01-05
A5: AC-01.4 | B5: UC-01 | C5: Đăng xuất hoặc vô hiệu hóa tài khoản làm phiên đang mở mất hiệu lực ngay. | D5: TC-01-06, TC-01-07
A6: AC-01.5 | B6: UC-01 | C6: Không thao tác 30 phút thì phiên tự đóng; còn 2 phút hiện cảnh báo cho phép gia hạn. | D6: TC-01-08
A7: AC-01.6 | B7: UC-01 | C7: Truy cập không phiên vào trang trong ứng dụng được chuyển về trang đăng nhập; gọi API không phiên nhận 401. | D7: TC-01-09
A8: AC-01.7 | B8: UC-01 | C8: Tài khoản chưa có vai trò đăng nhập được nhưng không đọc được dữ liệu nghiệp vụ (403). | D8: TC-01-10
A9: AC-01.8 | B9: UC-01 | C9: Mật khẩu mới ngắn hơn 12 ký tự bị từ chối. | D9: TC-01-11
A10: AC-02.1 | B10: UC-02 | C10: Tạo được tài khoản mới, gán được vai trò có ngày bắt đầu và kết thúc; vai trò hết hạn thì không còn quyền. | D10: TC-02-01, TC-02-02
A11: AC-02.2 | B11: UC-02 | C11: Vai trò `QUAN_TRI_HE_THONG`, `QUAN_TRI_DU_LIEU`, `DAI_DIEN_THUONG_VU` phải đứng riêng, không đi kèm vai trò nào khác. | D11: TC-02-03
A12: AC-02.3 | B12: UC-02 | C12: Không tự cấp vai trò cho chính mình, không tự vô hiệu hóa chính mình. | D12: TC-02-04
... A140: AC-28.7 | B140: UC-28 | C140: Xác thực nhiều lớp TOTP theo `MFA_MODE`: `optional` (mặc định) thì ai đã đăng ký phải nhập mã; `required` thì ba vai trò quản trị và Thường vụ bắt buộc đăng ký và nhập mã (thiết kế về xác thực nhiều lớp TOTP). Quản trị hệ thống đặt lại được khi mất thiết bị; mã khôi phục dùng một lần. | D140: TC-28-09, TC-28-10, TC-28-11

Sheet Use case
A1: Mã | B1: Use case | C1: Tác nhân chính | D1: Mô-đun
A2: UC-01 | B2: Đăng nhập, đăng xuất, khóa tạm, tự đóng phiên | C2: Mọi người dùng | D2: security
A3: UC-02 | B3: Quản lý tài khoản và vai trò | C3: Quản trị hệ thống | D3: security
A4: UC-03 | B4: Quản lý đơn vị, cán bộ, vị trí, phân công | C4: Văn phòng | D4: organization
A5: UC-04 | B5: Soạn, phê duyệt danh mục sản phẩm công việc chuẩn | C5: Văn phòng, Trưởng ban | D5: catalog
A6: UC-05 | B6: Giao nhiệm vụ và việc cho cấp dưới | C6: Trưởng, Phó phòng | D6: tasking
A7: UC-06 | B7: Báo cáo, xác nhận việc; chậm, chưa đạt, miễn trừ | C7: Chuyên viên, Trưởng phòng | D7: tasking
A8: UC-07 | B8: Việc đột xuất và việc lặp định kỳ | C8: Cán bộ, cấp trên | D8: tasking
A9: UC-08 | B9: Mở kỳ đánh giá và tạo hồ sơ từ việc | C9: Văn phòng | D9: evaluation
A10: UC-09 | B10: Cán bộ tự chấm, tiêu chí chung theo mục | C10: Cán bộ | D10: evaluation
A11: UC-10 | B11: Thẩm định và tính điểm KPI | C11: Người thẩm định | D11: evaluation, scoring
A12: UC-11 | B12: Phê duyệt và xếp loại | C12: Người phê duyệt | D12: evaluation
... A29: UC-28 | B29: Yêu cầu phi chức năng và bảo mật ứng dụng | C29: Quản trị | D29: toàn hệ thống

Sheet Lỗi
A1: Mã lỗi | B1: Mức | C1: TC phát hiện | D1: Mô tả | E1: Tái hiện | F1: Kỳ vọng | G1: Thực tế | H1: Evidence
A2: LOI-01 | B2: Cao (đã sửa) | C2: TC-14-07 (AC-14.6) | D2: Khối "hạn mức xuất sắc" trong hồ sơ cá nhân trả về điểm, hạng và mã cán bộ của đồng nghiệp cùng nhóm cho chính người được đánh giá | E2: Hai chuyên viên cùng phòng đều được thẩm định mức Xuất sắc (100 và 95 điểm), chưa phê duyệt. chuyenvien2 mở hồ sơ của mình, xem phản hồi GET /api/evaluation/evaluations/:id, trường excellentQuota.ranking | F2: Chỉ người phê duyệt và Văn phòng thấy khối hạn mức của nhóm; người được đánh giá không thấy thông tin đồng nghiệp | G2: ranking gồm cả đồng nghiệp: điểm 95, hạng 2, personId | H2: evidence/UC-14/TC-14-07.json
D3: Đã sửa: evaluation.service.ts chỉ trả khối hạn mức cho người thẩm định, người phê duyệt, người xem toàn bộ; thêm test quota-visibility.spec.ts; chạy lại TC-14-07 đạt; 898 test đơn vị và 172 test đầu cuối đạt
